id	rate
1000	.15
1003	.54
1005	.18
1007	.00
1009	.10
1011	.05
1013	.05
1015	.01
1017	.03
1019	.22
1021	.10
1023	.00
1025	.04
1027	.01
1029	.03
1031	.25
1033	.28
1035	.07
1037	.02
1039	.21
1041	.11
1043	.05
1045	.17
1047	.16
1049	.06
1051	.20
1053	.56
1055	.08
1057	.11
1059	.01
1061	.28
1063	.05
1065	.21
1067	.30
1069	.32
1071	.06
1073	.01
1075	.00
1077	.11
1079	.21
1081	.03
1083	.26
1085	.11
1087	.12
1089	.24
1091	.00
1093	.01
1095	.03
1097	.15
1099	.46
1101	.02
1103	.04
1105	.08
1107	.04
1109	.17
8049	.00
1111	.03
1113	.00
1115	.07
1117	.05
1119	.00
1121	.10
1123	.02
1125	.08
1127	.02
1129	.17
1131	.05
1133	.03
4001	.00
4003	.21
4005	.00
4007	.00
4009	.00
4011	.14
4012	.00
4013	.56
4015	.31
4017	.10
4019	.00
4021	.00
4023	.02
4025	.01
4027	.64
5001	.12
5003	.39
5005	.00
5007	.01
5009	.01
5011	.06
5013	.01
5015	.00
5017	.24
5019	.05
5021	.17
5023	.00
5025	.02
5027	.01
5029	.05
5031	.38
5033	.02
5035	.19
5037	.11
5039	.00
5041	.36
5043	.36
5045	.00
5047	.01
5049	.00
5051	.01
5053	.01
5055	.22
5057	.06
5059	.04
5061	.05
5063	.04
5065	.00
5067	.11
5069	.28
5071	.01
5073	.32
5075	.09
5077	.18
5079	.25
5081	.09
5083	.03
5085	.19
5087	.00
5089	.00
5091	.09
5093	.39
5095	.20
5097	.00
5099	.00
5101	.00
5103	.02
5105	.00
5107	.34
5109	.00
5111	.20
5113	.00
5115	.01
5117	.12
5119	.07
5121	.06
5123	.24
5125	.00
5127	.01
5129	.01
5131	.00
5133	.00
5135	.02
5137	.00
5139	.02
5141	.00
5143	.01
5145	.03
5147	.12
5149	.02
6001	.08
6003	.00
6005	.07
6007	.45
6009	.02
6011	.39
6013	.30
6015	.06
6017	.13
6019	.77
6021	.42
6023	.01
6025	.69
6027	.00
6029	.63
6031	.64
6033	.22
6035	.03
6037	.22
6039	.57
6041	.00
6043	.02
6045	.19
6047	.57
6049	.21
6051	.00
6053	.55
6055	.27
6057	.01
6059	.45
6061	.20
6063	.00
6065	.53
6067	.35
6069	.24
6071	.32
6073	.37
6075	.00
6077	.55
6079	.12
6081	.18
6083	.38
6085	.25
6087	.52
6089	.02
6091	.00
6093	.10
6095	.30
6097	.21
6099	.57
6101	.50
6103	.26
6105	.02
6107	.67
6109	.01
6111	.54
6113	.41
6115	.54
8001	.11
8003	.25
8005	.03
8007	.02
8009	.11
8011	.00
8013	.17
8015	.00
8017	.17
8019	.00
8021	.05
8023	.00
8025	.16
8027	.07
8029	.17
8031	.00
8033	.01
8035	.02
8037	.06
8039	.15
8041	.01
8043	.00
8045	.06
8047	.00
8051	.01
8053	.00
8055	.04
8057	.02
8059	.01
8061	.12
8063	.16
8065	.00
8067	.01
8069	.29
8071	.09
8073	.00
8075	.11
8077	.20
8079	.00
8081	.00
8083	.04
8085	.24
8087	.19
8089	.57
8091	.00
8093	.00
8095	.20
8097	.04
8099	.21
8101	.21
8103	.00
8105	.24
8107	.08
8109	.10
8111	.00
8113	.00
8115	.17
8117	.00
8119	.00
8121	.08
8123	.23
8125	.28
16047	.00
9001	.09
9003	.29
9005	.05
9007	.13
9009	.18
9011	.07
9013	.15
9015	.13
10001	.30
10003	.34
10005	.27
12001	.13
12003	.17
12005	.07
12007	.21
12009	.52
12011	.31
12013	.63
12015	.51
12017	.10
12019	.00
12021	.75
12023	.10
12027	.61
12029	.06
12031	.17
12033	.50
12035	.53
12037	.00
12039	.23
12041	.23
12043	.38
12045	.03
12047	.15
12049	.44
12051	.65
12053	.13
12055	.64
12057	.36
12059	.12
12061	.86
12063	.37
12065	.17
12067	.16
12069	.33
12071	.63
12073	.05
12075	.16
12077	.08
12079	.30
12081	.48
12083	.12
12085	.76
12087	.00
12089	.04
12091	.20
12093	.33
12095	.62
12097	.43
12099	.47
12101	.25
12103	.18
12105	.61
12107	.31
12109	.76
12111	.82
12113	.43
12115	.28
12117	.16
12119	.12
12121	.23
12123	.04
12125	.19
12127	.32
12129	.22
12131	.14
12133	.13
13001	.68
13003	.51
13005	.35
13007	.39
13009	.00
13011	.00
13013	.02
13015	.12
13017	.44
13019	.47
13021	.06
13023	.39
13025	.31
13027	.60
13029	.61
13031	.64
13033	.44
13035	.02
13037	.49
13039	.06
13043	.59
13045	.05
13047	.02
13049	.10
13051	.16
13053	.00
13055	.00
13057	.09
13059	.01
13061	.36
13063	.02
13065	.24
13067	.02
13069	.47
13071	.69
13073	.01
13075	.52
13077	.00
13079	.33
13081	.63
13083	.01
13085	.00
13087	.59
13089	.00
13091	.34
13093	.73
13095	.45
13097	.00
13099	.52
13101	.37
13103	.43
13105	.06
13107	.50
13109	.34
13111	.05
13113	.02
13115	.12
13117	.02
13119	.05
13121	.01
13123	.07
13125	.16
13127	.01
13129	.02
13131	.39
13133	.01
13135	.01
13137	.03
13139	.02
13141	.00
13143	.00
13145	.04
13147	.00
13149	.02
13151	.03
13153	.36
13155	.53
13157	.00
13159	.00
13161	.69
13163	.29
13165	.46
13167	.28
13169	.04
13171	.00
13173	.64
13175	.24
13177	.43
13179	.05
13181	.00
13183	.21
13185	.43
13187	.08
13189	.03
13191	.00
13193	.38
13195	.01
13197	.08
13199	.04
13201	.48
13205	.57
13207	.04
13209	.22
13211	.03
13213	.03
13215	.02
13217	.00
13219	.09
13221	.01
13223	.04
13225	.46
13227	.03
13229	.55
13231	.11
13233	.07
13235	.52
13237	.00
13239	.47
13241	.11
13243	.35
13245	.15
13247	.00
13249	.21
13251	.52
13253	.63
13255	.00
13257	.06
13259	.31
13261	.55
13263	.00
13265	.00
13267	.38
13269	.32
13271	.36
13273	.43
13275	.57
13277	.56
13279	.36
13281	.01
13283	.26
13285	.05
13287	.51
13289	.43
13291	.07
13293	.00
13295	.02
13297	.06
13299	.30
13301	.00
13303	.23
13305	.55
13307	.31
13309	.22
13311	.03
13313	.01
13315	.51
13317	.03
13319	.03
13321	.55
16001	.15
16003	.00
16005	.06
16007	.00
16009	.17
16011	.24
16013	.00
16015	.00
16017	.02
16019	.11
16021	.38
16023	.05
16025	.05
16027	.33
16029	.02
16031	.19
16033	.00
16035	.20
16037	.00
16039	.29
16041	.03
16043	.16
16045	.14
16049	.05
16051	.18
16053	.26
16055	.04
16057	.25
16059	.00
16061	.14
16063	.00
16065	.28
16067	.00
16069	.22
16071	.01
16073	.13
16075	.00
16077	.14
16079	.00
16081	.20
16083	.17
16085	.06
16087	.07
17001	.16
17003	.04
17005	.07
17007	.13
17009	.17
17011	.26
17013	.08
17015	.47
17017	.17
17019	.40
17021	.14
17023	.14
17025	.09
17027	.21
17029	.09
17031	.10
17033	.13
17035	.18
17037	.25
17039	.16
17041	.10
17043	.21
17045	.19
17047	.06
17049	.15
17051	.18
17053	.31
17055	.16
17057	.12
17059	.14
17061	.22
17063	.25
17065	.06
17067	.17
17069	.02
17071	.26
17073	.24
17075	.34
17077	.02
17079	.24
17081	.06
17083	.17
17085	.35
17087	.01
17089	.19
17091	.41
17093	.15
17095	.15
17097	.16
17099	.18
17101	.05
17103	.26
17105	.27
17107	.16
17109	.14
17111	.22
17113	.25
17115	.13
17117	.23
17119	.24
17121	.15
17123	.24
17125	.18
17127	.03
17129	.08
17131	.19
17133	.08
17135	.16
17137	.19
17139	.08
17141	.32
17143	.16
17145	.08
17147	.13
17149	.20
17151	.01
17153	.04
17155	.16
17157	.12
17159	.16
17161	.22
17163	.13
17165	.13
17167	.14
17169	.14
17171	.14
17173	.11
17175	.27
17177	.37
17179	.21
17181	.05
17183	.29
17185	.17
17187	.31
17189	.16
17191	.10
17193	.19
17195	.33
17197	.16
17199	.05
17201	.22
17203	.17
18001	.10
18003	.08
18005	.15
18007	.37
18009	.10
18011	.10
18013	.12
18015	.38
18017	.21
18019	.07
18021	.08
18023	.18
18025	.04
18027	.18
18029	.03
18031	.34
18033	.04
18035	.05
18037	.20
18039	.24
18041	.29
18043	.01
18045	.13
18047	.23
18049	.12
18051	.27
18053	.07
18055	.17
18057	.19
18059	.13
18061	.04
18063	.09
18065	.10
18067	.12
18069	.12
18071	.14
18073	.28
18075	.05
18077	.10
18079	.07
18081	.17
18083	.18
18085	.16
18087	.26
18089	.17
18091	.31
18093	.06
18095	.08
18097	.12
18099	.22
18101	.09
18103	.18
18105	.10
18107	.16
18109	.15
18111	.28
18113	.08
18115	.09
18117	.14
18119	.05
18121	.12
18123	.01
18125	.10
18127	.15
18129	.21
18131	.27
18133	.20
18135	.09
18137	.14
18139	.23
18141	.20
18143	.21
18145	.14
18147	.18
18149	.27
18151	.13
18153	.16
18155	.09
18157	.27
18159	.33
18161	.25
18163	.29
18165	.25
18167	.15
18169	.11
18171	.25
18173	.14
18175	.04
18177	.14
18179	.08
18181	.34
18183	.09
19001	.15
19003	.08
19005	.20
19007	.02
19009	.06
19011	.13
19013	.10
19015	.08
19017	.12
19019	.20
19021	.05
19023	.12
19025	.11
19027	.07
19029	.13
19031	.17
19033	.10
19035	.09
19037	.12
19039	.07
19041	.07
19043	.26
19045	.23
19047	.12
19049	.07
19051	.07
19053	.05
19055	.28
19057	.10
19059	.07
19061	.29
19063	.03
19065	.22
19067	.07
19069	.13
19071	.10
19073	.04
19075	.16
19077	.08
19079	.08
19081	.06
19083	.15
19085	.10
19087	.15
19089	.09
19091	.08
19093	.13
19095	.20
19097	.26
19099	.09
19101	.05
19103	.16
19105	.30
19107	.15
19109	.06
19111	.18
19113	.15
19115	.12
19117	.04
19119	.15
19121	.06
19123	.19
19125	.11
19127	.15
19129	.10
19131	.17
19133	.19
19135	.03
19137	.15
19139	.19
19141	.11
19143	.15
19145	.09
19147	.06
19149	.12
19151	.03
19153	.11
19155	.10
19157	.08
19159	.02
19161	.10
19163	.31
19165	.15
19167	.18
19169	.15
19171	.16
19173	.11
19175	.02
19177	.08
19179	.09
19181	.07
19183	.17
19185	.05
19187	.06
19189	.06
19191	.24
19193	.13
19195	.06
19197	.06
20001	.03
20003	.04
20005	.11
20007	.03
20009	.06
20011	.05
20013	.05
20015	.08
20017	.04
20019	.00
20021	.12
20023	.09
20025	.02
20027	.03
20029	.05
20031	.02
20033	.05
20035	.08
20037	.01
20039	.07
20041	.07
20043	.10
20045	.06
20047	.16
20049	.06
20051	.01
20053	.04
20055	.26
20057	.14
20059	.03
20061	.04
20063	.05
20065	.03
20067	.24
20069	.27
20071	.07
20073	.02
20075	.06
20077	.10
20079	.12
20081	.34
20083	.04
20085	.02
20087	.07
20089	.06
20091	.09
20093	.16
20095	.08
20097	.13
20099	.01
20101	.04
20103	.04
20105	.05
20107	.02
20109	.05
20111	.04
20113	.08
20115	.08
20117	.04
20119	.19
20121	.04
20123	.03
20125	.02
20127	.03
20129	.11
20131	.05
20133	.04
20135	.07
20137	.03
20139	.03
20141	.02
20143	.02
20145	.08
20147	.09
20149	.04
20151	.18
20153	.03
20155	.07
20157	.14
20159	.08
20161	.08
20163	.01
20165	.01
20167	.00
20169	.05
20171	.08
20173	.07
20175	.25
20177	.08
20179	.18
20181	.11
20183	.06
20185	.15
20187	.18
20189	.29
20191	.02
20193	.14
20195	.01
20197	.01
20199	.10
20201	.04
20203	.07
20205	.04
20207	.02
20209	.23
21001	.07
21003	.02
21005	.03
21007	.09
21009	.07
21011	.05
21013	.00
21015	.07
21017	.08
21019	.01
21021	.04
21023	.10
21025	.05
21027	.07
21029	.02
21031	.04
21033	.10
21035	.05
21037	.04
21039	.09
21041	.06
21043	.02
21045	.05
21047	.30
21049	.03
21051	.06
21053	.03
21055	.01
21057	.03
21059	.18
21061	.04
21063	.03
21065	.02
21067	.05
21069	.04
21071	.01
21073	.04
21075	.09
21077	.06
21079	.05
21081	.03
21083	.06
21085	.06
21087	.06
21089	.02
21091	.10
21093	.14
21095	.00
21097	.06
21099	.09
21101	.12
21103	.06
21105	.12
21107	.13
21109	.04
21111	.05
21113	.09
21115	.03
21117	.03
21119	.00
21121	.02
21123	.06
21125	.03
21127	.01
21129	.03
21131	.00
21133	.06
21135	.04
21137	.06
21139	.01
21141	.26
21143	.09
21145	.05
21147	.01
21149	.21
21151	.04
21153	.01
21155	.07
21157	.01
21159	.00
21161	.07
21163	.05
21165	.04
21167	.05
21169	.04
21171	.03
21173	.04
21175	.02
21177	.07
21179	.04
21181	.04
21183	.06
21185	.09
21187	.05
21189	.04
21191	.04
21193	.00
21195	.00
21197	.03
21199	.04
21201	.04
21203	.08
21205	.02
21207	.02
21209	.07
21211	.08
21213	.22
21215	.07
21217	.09
21219	.35
21221	.16
21223	.10
21225	.17
21227	.13
21229	.05
21231	.06
21233	.12
21235	.05
21237	.01
21239	.07
22001	.30
22003	.23
22005	.35
22007	.45
22009	.62
22011	.06
22013	.06
22015	.05
22017	.28
22019	.09
22021	.30
22023	.18
22025	.50
22027	.01
22029	.60
22031	.06
22033	.04
22035	.37
22037	.02
22039	.32
22041	.58
22043	.21
22045	.34
22047	.59
22049	.11
22051	.05
22053	.22
22055	.20
22057	.36
22059	.07
22061	.03
22063	.02
22065	.36
22067	.49
22069	.28
22071	.00
22073	.43
22075	.10
22077	.71
22079	.45
22081	.20
22083	.58
22085	.01
22087	.00
22089	.00
22091	.03
22093	.56
22095	.26
22097	.58
22099	.26
22101	.34
22103	.03
22105	.07
22107	.61
22109	.31
22111	.07
22113	.23
22115	.02
22117	.08
22119	.00
22121	.50
22123	.34
22125	.02
22127	.00
23001	.10
23003	.42
23005	.05
23007	.03
23009	.19
23011	.06
23013	.11
23015	.04
23017	.13
23019	.14
23021	.07
23023	.01
23025	.03
23027	.05
23029	.22
23031	.11
24001	.05
24003	.11
24005	.19
24009	.21
24011	.22
24013	.10
24015	.20
24017	.08
24019	.21
24021	.12
24023	.06
24025	.27
24027	.40
24029	.37
24031	.13
24033	.12
24035	.29
24037	.19
24039	.19
24041	.23
24043	.16
24045	.18
24047	.27
25001	.71
32031	.00
25003	.06
25005	.16
25007	.00
25009	.15
25011	.10
25013	.17
25015	.18
25017	.18
25019	.00
25021	.12
25023	.53
25025	.00
25027	.09
26001	.03
26003	.03
26005	.24
26007	.11
26009	.20
26011	.10
26013	.01
26015	.11
26017	.15
26019	.32
26021	.28
26023	.18
26025	.25
26027	.20
26029	.04
26031	.03
26033	.01
26035	.02
26037	.10
26039	.00
26041	.04
26043	.09
26045	.09
26047	.04
26049	.07
26051	.04
26053	.00
26055	.20
26057	.12
26059	.12
26061	.00
26063	.19
26065	.12
26067	.15
26069	.04
26071	.03
26073	.13
26075	.17
26077	.29
26079	.16
26081	.25
26083	.00
26085	.00
26087	.15
26089	.42
26091	.11
26093	.20
26095	.14
26097	.00
26099	.07
26101	.27
26103	.04
26105	.24
26107	.07
26109	.02
26111	.11
26113	.07
26115	.13
26117	.20
26119	.03
26121	.18
26123	.17
26125	.15
26127	.42
26129	.04
26131	.03
26133	.03
26135	.00
26137	.06
26139	.29
26141	.09
26143	.02
26145	.10
26147	.03
26149	.53
26151	.08
26153	.10
26155	.04
26157	.19
26159	.39
26161	.18
26163	.09
26165	.13
27001	.05
27003	.04
27005	.02
27007	.04
27009	.06
27011	.02
27013	.03
27015	.05
27017	.00
27019	.10
27021	.01
27023	.04
27025	.07
27027	.12
27029	.10
27031	.00
27033	.02
27035	.03
27037	.14
27039	.12
27041	.04
27043	.07
27045	.21
27047	.05
27049	.17
27051	.05
27053	.09
27055	.17
27057	.00
27059	.04
27061	.00
27063	.05
27065	.01
27067	.06
27069	.05
27071	.02
27073	.05
27075	.00
27077	.10
27079	.05
27081	.03
27083	.06
27085	.07
27087	.02
27089	.06
27091	.03
27093	.05
27095	.04
27097	.05
27099	.06
27101	.02
27103	.03
27105	.04
27107	.07
27109	.20
27111	.03
27113	.04
27115	.01
27117	.06
27119	.13
27121	.07
27123	.03
27125	.07
27127	.03
27129	.04
27131	.12
27133	.08
27135	.08
27137	.00
27139	.07
27141	.14
27143	.03
27145	.06
27147	.08
27149	.13
27151	.04
27153	.02
27155	.10
27157	.18
27159	.02
27161	.07
27163	.07
27165	.01
27167	.08
27169	.22
27171	.06
27173	.05
28001	.50
28003	.05
28005	.01
28007	.17
28009	.08
28011	.25
28013	.32
28015	.30
28017	.11
28019	.11
28021	.13
28023	.00
28025	.11
28027	.43
28029	.06
28031	.06
28033	.12
28035	.17
28037	.07
28039	.19
28041	.08
28043	.24
28045	.01
28047	.01
28049	.18
28051	.37
28053	.58
28055	.24
28057	.05
28059	.17
28061	.01
28063	.28
28065	.02
28067	.04
28069	.00
28071	.14
28073	.03
28075	.00
28077	.00
28079	.03
28081	.13
28083	.41
28085	.00
28087	.19
28089	.40
28091	.00
28093	.04
28095	.16
28097	.31
28099	.01
28101	.03
28103	.17
28105	.02
28107	.18
28109	.02
28111	.01
28113	.00
28115	.12
28117	.06
28119	.24
28121	.13
28123	.06
28125	.33
28127	.03
28129	.03
28131	.10
28133	.30
28135	.36
28137	.10
28139	.06
28141	.08
28143	.25
28145	.02
28147	.02
28149	.38
28151	.41
28153	.01
28155	.30
28157	.08
28159	.00
28161	.28
28163	.47
29001	.01
29003	.06
29005	.14
29007	.13
29009	.03
29011	.08
29013	.06
29015	.00
29017	.01
29019	.05
29021	.07
29023	.07
29025	.03
29027	.07
29029	.01
29031	.03
29033	.07
29035	.00
29037	.06
29039	.00
29041	.10
29043	.06
29045	.13
29047	.04
29049	.05
29051	.03
29053	.09
29055	.01
29057	.06
29059	.01
29061	.05
29063	.05
29065	.00
29067	.02
29069	.40
29071	.02
29073	.08
29075	.09
29077	.04
29079	.04
29081	.02
29083	.04
29085	.00
29087	.11
29089	.09
29091	.02
29093	.00
29095	.07
29097	.04
29099	.05
29101	.03
29103	.04
29105	.01
29107	.09
29109	.05
29111	.09
29113	.13
29115	.03
29117	.07
29119	.01
29121	.05
29123	.01
29125	.00
29127	.12
29129	.03
29131	.02
29133	.10
29135	.04
29137	.07
29139	.10
29141	.01
29143	.20
29145	.02
29147	.07
29149	.01
29151	.05
29153	.02
29155	.24
29157	.08
29159	.06
29161	.00
29163	.14
29165	.10
29167	.02
29169	.01
29171	.02
29173	.09
29175	.05
29177	.04
29179	.00
29181	.02
29183	.26
29185	.02
29186	.07
29187	.01
29189	.09
29195	.15
29197	.03
29199	.08
29201	.11
29203	.01
29205	.08
29207	.15
29209	.03
29211	.03
29213	.02
29215	.02
29217	.03
29219	.08
29221	.00
29223	.00
29225	.03
29227	.01
29229	.02
30001	.03
30003	.06
30005	.01
30007	.04
30009	.08
30011	.04
30013	.04
30015	.03
30017	.04
30019	.02
30021	.03
30023	.00
30025	.02
30027	.02
30029	.07
30031	.03
30033	.00
30035	.03
30037	.01
30039	.01
30041	.02
30043	.00
30045	.02
30047	.02
30049	.01
30051	.01
30053	.01
30055	.01
30057	.02
30059	.00
30061	.00
30063	.00
30065	.00
30067	.02
30069	.02
30071	.01
30073	.01
30075	.02
30077	.00
30079	.06
30081	.00
30083	.07
30085	.00
30087	.03
30089	.01
30091	.00
30093	.00
30095	.03
30097	.01
30099	.02
30101	.01
30103	.17
30105	.01
30107	.00
30109	.01
30111	.05
31001	.43
31003	.28
31005	.06
31007	.03
31009	.00
31011	.35
31013	.11
31015	.06
31017	.28
31019	.42
31021	.06
31023	.29
31025	.05
31027	.17
31029	.30
31031	.04
31033	.03
31035	.51
31037	.18
31039	.19
31041	.24
31043	.12
31045	.02
31047	.43
31049	.06
31051	.11
31053	.20
31055	.23
31057	.29
31059	.41
31061	.36
31063	.19
31065	.15
31067	.09
31069	.11
31071	.06
31073	.35
31075	.00
31077	.39
31079	.44
31081	.66
31083	.24
31085	.16
31087	.09
31089	.20
31091	.00
31093	.34
31095	.18
31097	.10
31099	.46
31101	.18
31103	.09
31105	.03
31107	.12
31109	.04
31111	.27
31113	.11
31115	.04
31117	.02
31119	.23
31121	.36
31123	.12
31125	.30
31127	.04
31129	.24
31131	.11
31133	.07
31135	.17
31137	.48
31139	.24
31141	.37
31143	.49
31145	.14
31147	.11
31149	.06
31151	.14
31153	.20
31155	.14
31157	.18
31159	.21
31161	.05
31163	.29
31165	.08
31167	.20
31169	.26
31171	.14
31173	.19
31175	.30
31177	.04
31179	.12
31181	.16
31183	.18
31185	.54
32001	.08
32003	.00
32005	.10
32007	.01
32009	.15
32011	.18
32013	.11
32015	.00
32017	.00
32019	.18
32021	.00
32023	.00
32027	.47
32029	.00
32033	.05
32510	.00
33001	.08
33003	.03
33005	.03
33007	.03
33009	.01
33011	.14
33013	.05
33015	.11
33017	.09
33019	.07
34001	.52
34003	.37
34005	.22
34007	.38
34009	.12
34011	.43
34013	.30
34015	.30
34019	.07
34021	.18
34023	.17
34025	.22
34027	.17
34029	.09
34031	.13
34033	.28
34035	.03
34037	.05
34039	.12
34041	.26
35001	.05
35003	.00
35005	.00
35006	.00
35007	.00
35009	.12
35011	.32
35013	.41
35015	.33
35017	.01
35019	.00
35021	.00
35023	.09
35025	.16
35027	.00
35028	.00
35029	.00
35031	.00
35033	.00
35035	.00
35037	.02
35039	.01
35041	.13
35043	.00
35045	.00
35047	.01
35049	.14
35051	.00
35053	.27
35055	.00
35057	.23
35059	.18
35061	.30
36001	.04
36003	.04
36007	.05
36009	.08
36011	.23
36013	.18
36015	.08
36017	.07
36019	.18
36021	.16
36023	.13
36025	.02
36027	.10
36029	.13
36031	.04
36033	.07
36035	.04
36037	.36
36039	.04
36041	.00
36043	.05
36045	.03
36047	.00
36049	.02
36051	.24
36053	.05
36055	.36
36057	.04
36059	.15
36061	.00
36063	.23
36065	.06
36067	.18
36069	.22
36071	.25
36073	.22
36075	.14
36077	.03
36079	.05
36081	.00
36083	.10
36085	.00
36087	.51
36089	.02
36091	.11
36093	.05
36095	.08
36097	.10
36099	.08
36101	.09
36103	.56
36105	.03
36107	.06
36109	.14
36111	.39
36113	.00
36115	.14
36117	.34
36119	.15
36121	.23
36123	.19
37001	.04
37003	.08
37005	.11
37007	.14
37009	.12
37011	.40
37013	.64
37015	.72
37017	.36
37019	.27
37021	.07
37023	.08
37025	.00
37027	.11
37029	.57
37031	.00
37033	.11
37035	.04
37037	.04
37039	.02
37041	.67
37043	.03
37045	.07
37047	.25
37049	.53
37051	.23
37053	.52
37055	.00
37057	.04
37059	.08
37061	.41
37063	.17
37065	.56
37067	.09
37069	.15
37071	.03
37073	.74
37075	.02
37077	.15
37079	.48
37081	.11
37083	.65
37085	.34
37087	.05
37089	.49
37091	.57
37093	.49
37095	.54
37097	.09
37099	.31
37101	.29
37103	.57
37105	.26
37107	.52
37109	.09
37111	.09
37113	.05
37115	.07
37117	.79
37119	.06
37121	.08
37123	.05
37125	.18
37127	.59
37129	.00
37131	.83
37133	.41
37135	.07
37137	.63
37139	.45
37141	.46
37143	.59
37145	.14
37147	.54
37149	.03
37151	.05
37153	.21
37155	.40
37157	.16
37159	.06
37161	.02
37163	.49
37165	.62
37167	.09
37169	.12
37171	.15
37173	.07
37175	.06
37177	.64
37179	.13
37181	.16
37183	.25
37185	.10
37187	.66
37189	.05
37191	.49
37193	.10
37195	.50
37197	.12
37199	.04
38001	.00
38003	.08
38005	.05
38007	.02
38009	.05
38011	.03
38013	.02
38015	.02
38017	.16
38019	.08
38021	.08
38023	.01
38025	.03
38027	.06
38029	.03
38031	.07
38033	.10
38035	.09
38037	.02
38039	.04
38041	.02
38043	.01
38045	.07
38047	.04
38049	.05
38051	.05
38053	.02
38055	.02
38057	.02
38059	.03
38061	.02
38063	.09
38065	.00
38067	.14
38069	.04
38071	.11
38073	.06
38075	.04
38077	.10
38079	.03
38081	.05
38083	.03
38085	.00
38087	.00
38089	.02
38091	.07
38093	.06
38095	.05
38097	.15
38099	.11
38101	.02
38103	.06
38105	.02
39001	.05
39003	.04
39005	.14
39007	.05
39009	.02
39011	.08
39013	.00
39015	.14
39017	.16
39019	.14
39021	.16
39023	.10
39025	.14
39027	.16
39029	.18
39031	.21
39033	.09
39035	.10
39037	.10
39039	.05
39041	.05
39043	.12
39045	.19
39047	.15
39049	.11
39051	.20
39053	.03
39055	.04
39057	.14
39059	.03
39061	.10
39063	.09
39065	.07
39067	.08
39069	.10
39071	.08
39073	.04
39075	.17
39077	.06
39079	.00
39081	.02
39083	.13
39085	.28
39087	.02
39089	.12
39091	.10
39093	.09
39095	.09
39097	.14
39099	.15
39101	.06
39103	.10
39105	.07
39107	.12
39109	.17
39111	.02
39113	.17
39115	.01
39117	.10
39119	.10
39121	.02
39123	.06
39125	.07
39127	.17
39129	.14
39131	.06
39133	.08
39135	.21
39137	.09
39139	.09
39141	.07
39143	.13
39145	.07
39147	.10
39149	.15
39151	.11
39153	.08
39155	.21
39157	.16
39159	.08
39161	.04
39163	.00
39165	.14
39167	.09
39169	.19
39171	.06
39173	.05
39175	.05
40001	.00
40003	.07
40005	.02
40007	.05
40009	.02
40011	.16
40013	.05
40015	.12
40017	.24
40019	.03
40021	.02
40023	.01
40025	.10
40027	.05
40029	.02
40031	.15
40033	.14
40035	.04
40037	.00
40039	.13
40041	.00
40043	.02
40045	.06
40047	.12
40049	.09
40051	.15
40053	.07
40055	.17
40057	.12
40059	.03
40061	.00
40063	.04
40065	.23
40067	.05
40069	.02
40071	.10
40073	.19
40075	.16
40077	.00
40079	.02
40081	.02
40083	.14
40085	.01
40087	.13
40089	.01
40091	.01
40093	.11
40095	.00
40097	.00
40099	.05
40101	.03
40103	.17
40105	.01
40107	.03
40109	.08
40111	.02
40113	.02
40115	.06
40117	.02
40119	.03
40121	.01
40123	.01
40125	.02
40127	.01
40129	.05
40131	.02
40133	.01
40135	.01
40137	.05
40139	.11
40141	.26
40143	.07
40145	.03
40147	.01
40149	.13
40151	.04
40153	.01
41001	.03
41003	.22
41005	.21
41007	.01
41009	.02
41011	.03
41013	.12
41015	.03
41017	.12
41019	.02
41021	.01
41023	.00
41025	.00
41027	.69
41029	.16
41031	.14
41033	.00
41035	.16
41037	.01
41039	.14
41041	.01
41043	.08
41045	.22
41047	.30
41049	.13
41051	.34
41053	.17
41055	.00
41057	.01
41059	.11
41061	.10
41063	.01
41065	.05
41067	.24
41069	.01
41071	.16
42001	.20
42003	.02
42005	.04
42007	.07
42009	.16
42011	.31
42013	.40
42015	.03
42017	.20
42019	.09
42021	.18
42023	.00
42025	.20
42027	.30
42029	.27
42031	.06
42033	.11
42035	.36
42037	.21
42039	.06
42041	.22
42043	.16
42045	.16
42047	.01
42049	.19
42051	.11
42053	.15
42055	.26
42057	.08
42059	.01
42061	.17
42063	.11
42065	.04
42067	.11
42069	.07
42071	.35
42073	.21
42075	.27
42077	.31
42079	.18
42081	.17
42083	.00
42085	.08
42087	.28
42089	.20
42091	.15
42093	.34
42095	.28
42097	.26
42099	.08
42101	.00
42103	.00
42105	.07
42107	.27
42109	.11
42111	.11
42113	.06
42115	.02
42117	.03
42119	.16
42121	.06
42123	.04
42125	.03
42127	.02
42129	.13
42131	.05
42133	.17
44001	.23
44003	.16
44005	.28
44007	.17
44009	.19
45001	.01
45003	.17
45005	.35
45007	.03
45009	.36
45011	.31
45013	.10
45015	.21
45017	.53
45019	.17
45021	.05
45023	.03
45025	.14
45027	.50
45029	.25
45031	.56
45033	.39
45035	.40
45037	.27
45039	.03
45041	.45
45043	.29
45045	.08
45047	.02
45049	.54
45051	.28
45053	.19
45055	.13
45057	.01
45059	.02
45061	.42
45063	.15
45065	.00
45067	.33
45069	.54
45071	.03
45073	.02
45075	.40
45077	.02
45079	.11
45081	.07
45083	.07
45085	.33
45087	.00
45089	.53
45091	.08
46003	.09
46005	.06
46007	.03
46009	.03
46011	.10
46013	.05
46015	.03
46017	.10
46019	.05
46021	.03
46023	.07
46025	.04
46027	.21
46029	.01
46031	.04
46033	.10
46035	.04
46037	.01
46039	.04
46041	.03
46043	.04
46045	.12
46047	.06
46049	.06
46051	.02
46053	.07
46055	.02
46057	.04
46059	.04
46061	.05
46063	.01
46065	.13
46067	.04
46069	.05
46071	.03
46073	.07
46075	.10
46077	.02
46079	.07
46081	.05
46083	.15
46085	.10
46087	.02
46089	.03
46091	.06
46093	.02
46095	.05
46097	.00
46099	.07
46101	.05
46103	.04
46105	.01
46107	.06
46109	.02
46111	.04
46113	.02
46115	.02
46117	.05
46119	.14
46121	.08
46123	.04
46125	.14
46127	.10
46129	.03
46135	.06
46137	.01
47001	.00
47003	.04
47005	.04
47007	.04
47009	.04
47011	.03
47013	.01
47015	.06
47017	.12
47019	.03
47021	.04
47023	.05
47025	.02
47027	.03
47029	.05
47031	.08
47033	.50
47035	.16
47037	.05
47039	.05
47041	.03
47043	.02
47045	.16
47047	.23
47049	.06
47051	.13
47053	.18
47055	.02
47057	.02
47059	.04
47061	.06
47063	.03
47065	.01
47067	.02
47069	.13
47071	.05
47073	.01
47075	.45
47077	.09
47079	.09
47081	.01
47083	.01
47085	.02
47087	.02
47089	.03
47091	.05
47093	.04
47095	.17
47097	.20
47099	.08
47101	.00
47103	.05
47105	.04
47107	.02
47109	.07
47111	.04
47113	.27
47115	.02
47117	.03
47119	.02
47121	.02
47123	.04
47125	.08
47127	.00
47129	.02
47131	.10
47133	.03
47135	.00
47137	.04
47139	.06
47141	.02
47143	.02
47145	.01
47147	.13
47149	.04
47151	.02
47153	.01
47155	.01
47157	.09
47159	.07
47161	.02
47163	.04
47165	.05
47167	.27
47169	.05
47171	.04
47173	.03
47175	.01
47177	.07
47179	.06
47181	.00
47183	.06
47185	.01
47187	.02
47189	.01
48001	.02
48003	.10
48005	.03
48007	.00
48009	.16
48011	.00
48013	.06
48015	.06
48017	.15
48019	.01
48021	.04
48023	.41
48025	.36
48027	.24
48029	.13
48031	.03
48033	.04
48035	.04
48037	.02
48039	.14
48041	.17
48043	.00
48045	.25
48047	.03
48049	.03
48051	.23
48053	.02
48055	.10
48057	.61
48059	.03
48061	.35
48063	.04
48065	.14
48067	.01
48069	.35
48071	.09
48073	.01
48075	.00
48077	.05
48079	.17
48081	.01
48083	.03
48085	.26
48087	.11
48089	.18
48091	.02
48093	.07
48095	.16
48097	.04
48099	.10
48101	.03
48103	.00
48105	.00
48107	.16
48109	.00
48111	.00
48113	.02
48115	.28
48117	.17
48119	.05
48121	.08
48123	.02
48125	.05
48127	.05
48129	.21
48131	.08
48133	.04
48135	.00
48137	.00
48139	.16
48141	.65
48143	.01
48145	.19
48147	.12
48149	.08
48151	.22
48153	.36
48155	.18
48157	.41
48159	.02
48161	.02
48163	.16
48165	.35
48167	.05
48169	.00
48171	.04
48173	.13
48175	.05
48177	.04
48179	.00
48181	.19
48183	.03
48185	.01
48187	.14
48189	.38
48191	.16
48193	.04
48195	.22
48197	.04
48199	.01
48201	.09
48203	.00
48205	.00
48207	.33
48209	.08
48211	.00
48213	.02
48215	.37
48217	.30
48219	.27
48221	.00
48223	.01
48225	.04
48227	.14
48229	.28
48231	.11
48233	.18
48235	.00
48237	.00
48239	.42
48241	.03
48243	.00
48245	.08
48247	.00
48249	.21
48251	.06
48253	.25
48255	.05
48257	.02
48259	.00
48261	.00
48263	.01
48265	.01
48267	.01
48269	.08
48271	.00
48273	.69
48275	.37
48277	.08
48279	.36
48281	.08
48283	.02
48285	.02
48287	.03
48289	.04
48291	.29
48293	.04
48295	.08
48297	.05
48299	.00
48303	.30
48305	.16
48307	.05
48309	.22
48311	.00
48313	.01
48315	.01
48317	.12
48319	.06
48321	.36
48323	.17
48325	.22
48327	.00
48329	.08
48331	.25
48333	.00
48335	.15
48337	.02
48339	.00
48341	.33
48343	.02
48345	.00
48347	.02
48349	.20
48351	.03
48353	.28
48355	.52
48357	.10
48359	.00
48361	.00
48363	.01
48365	.02
48367	.01
48369	.36
48371	.00
48373	.01
48375	.00
48377	.00
48379	.01
48381	.07
48383	.14
48385	.00
48387	.07
48389	.00
48391	.52
48393	.02
48395	.20
48397	.25
48399	.15
48401	.02
48403	.04
48405	.03
48407	.00
48409	.55
48411	.10
48413	.06
48415	.15
48417	.09
48419	.02
48421	.26
48423	.01
48425	.01
48427	.10
48429	.00
48431	.00
48433	.07
48435	.00
48437	.24
48439	.01
48441	.12
48443	.00
48445	.41
48447	.21
48449	.00
48451	.31
48453	.20
48455	.02
48457	.01
48459	.00
48461	.00
48463	.27
48465	.02
48467	.03
48469	.47
48471	.01
48473	.14
48475	.00
48477	.01
48479	.00
48481	.38
48483	.05
48485	.13
48487	.18
48489	.45
48491	.33
48493	.06
48495	.00
48497	.02
48499	.03
48501	.34
48503	.05
48505	.00
48507	.22
49001	.48
49003	.08
49005	.07
49007	.12
49009	.00
49011	.12
49013	.02
49015	.13
49017	.02
49019	.01
49021	.38
49023	.09
49025	.04
49027	.29
49029	.08
49031	.11
49033	.01
49035	.05
49037	.03
49039	.16
49041	.21
49043	.00
49045	.00
49047	.06
49049	.12
49051	.02
49053	.07
49055	.14
49057	.04
50001	.05
50003	.06
50005	.03
50007	.03
50009	.04
50011	.03
50013	.02
50015	.01
50017	.01
50019	.02
50021	.03
50023	.01
50025	.15
50027	.03
51001	.41
51003	.04
51005	.04
51007	.09
51009	.03
51011	.02
51013	.00
51015	.08
51017	.00
51019	.04
51021	.06
51023	.05
51025	.15
51027	.01
51029	.01
51031	.04
51033	.12
51035	.02
51036	.00
51037	.07
51041	.06
51043	.14
51045	.00
51047	.09
51049	.08
51051	.00
51053	.17
51057	.32
51059	.09
51061	.07
51063	.04
51065	.02
51067	.12
51069	.19
51071	.01
51073	.15
51075	.01
51077	.03
51079	.03
51081	.43
51083	.09
51085	.18
51087	.09
51089	.02
51091	.01
51093	.53
51095	.11
51097	.25
51099	.09
51101	.35
51103	.27
51105	.03
51107	.05
51109	.05
51111	.08
51113	.10
51115	.13
51117	.11
51119	.26
51121	.04
51125	.03
51127	.26
51131	.54
51133	.32
51135	.04
51137	.07
51139	.08
51141	.08
51143	.11
51145	.01
51147	.05
51149	.24
51153	.09
51155	.03
51157	.02
51159	.21
51161	.03
51163	.03
51165	.14
51167	.02
51169	.02
51171	.13
51173	.02
51175	.61
51177	.03
51179	.01
51181	.50
51183	.35
51185	.01
51187	.00
51191	.04
51193	.20
51195	.01
51197	.06
51199	.04
51550	.36
51800	.61
51810	.12
53001	.06
53003	.02
53005	.24
53007	.64
53009	.01
53011	.05
53013	.04
53015	.16
53017	.04
53019	.00
53021	.00
53023	.02
53025	.25
53027	.10
53029	.03
53031	.00
53033	.04
53035	.00
53037	.07
53039	.08
53041	.07
53043	.01
53045	.01
53047	.19
53049	.09
53051	.00
53053	.19
53055	.00
53057	.41
53059	.32
53061	.14
53063	.08
53065	.01
53067	.03
53069	.00
53071	.14
53073	.15
53075	.16
53077	.00
54001	.00
54003	.23
54005	.00
54007	.00
54009	.01
54011	.02
54013	.00
54015	.01
54017	.00
54019	.00
54021	.00
54023	.00
54025	.02
54027	.04
54029	.02
54031	.09
54033	.00
54035	.01
54037	.11
54039	.00
54041	.01
54043	.01
54045	.00
54047	.00
54049	.00
54051	.00
54053	.05
54055	.03
54057	.02
54059	.00
54061	.01
54063	.09
54065	.05
54067	.00
54069	.03
54071	.01
54073	.01
54075	.00
54077	.03
54079	.02
54081	.04
54083	.03
54085	.00
54087	.00
54089	.03
54091	.01
54093	.00
54095	.00
54097	.01
54099	.02
54101	.01
54103	.00
54105	.00
54107	.00
54109	.00
55001	.37
55003	.01
55005	.04
55007	.03
55009	.08
55011	.11
55013	.05
55015	.08
55017	.07
55019	.05
55021	.25
55023	.11
55025	.33
55027	.21
55029	.07
55031	.02
55033	.13
55035	.04
55037	.01
55039	.17
55041	.03
55043	.25
55045	.23
55047	.17
55049	.22
55051	.04
55053	.15
55055	.21
55057	.12
55059	.13
55061	.04
55063	.12
55065	.28
55067	.20
55069	.03
55071	.12
55073	.05
55075	.05
55077	.15
55078	.00
55079	.00
55081	.13
55083	.05
55085	.20
55087	.12
55089	.13
55091	.14
55093	.12
55095	.03
55097	.27
55099	.03
55101	.10
55103	.10
55105	.27
55107	.02
55109	.09
55111	.21
55113	.03
55115	.03
55117	.18
55119	.02
55121	.09
55123	.07
55125	.00
55127	.27
55129	.04
55131	.19
55133	.17
55135	.06
55137	.27
55139	.13
55141	.08
56001	.04
56003	.16
56005	.00
56007	.01
56009	.06
56011	.03
56013	.00
56015	.11
56017	.01
56019	.04
56021	.00
56023	.05
56025	.03
56027	.00
56029	.20
56031	.05
56033	.03
56035	.02
56037	.00
56039	.06
56041	.06
56043	.18
56045	.00